Species,Plot,Duration,Initiation,Peak,Seasonality,Year,Urbanization,Size,Richness
Fleabane,Beckley,4.333,-0.417,2.167,Spring,2019,6.586791,6.335,4
Fleabane,Allee,2.333,-0.417,-0.833,Spring,2019,-15.149239,6.578,6.5385
Fleabane,SkyDome,-0.667,1.583,1.167,Spring,2019,-15.495134,4.831,5.1538
Fleabane,LowlandPlain,2.333,-0.417,-1.833,Spring,2019,-1.33498,16.974,8
Fleabane,BernFront,-2.667,-0.417,-0.833,Spring,2019,-18.820962,4.076,1.7692
Fleabane,ResBldg,0.333,1.583,1.167,Spring,2019,-15.543983,5.047,4.8462
Fleabane,BernBack,0.333,0.583,1.167,Spring,2019,-26.215637,9.508,4.1538
Fleabane,ScottsGap,2.333,-0.417,-0.833,Spring,2019,-32.253651,1.911,4.6923
Fleabane,Foxrun,1.333,-0.417,3.167,Spring,2019,-21.09743,0.71,4.8462
Fleabane,Seneca,-0.667,-0.417,-1.833,Spring,2019,51.308361,1.008,4.4615
Fleabane,Cherokee,-5.667,-0.417,-1.833,Spring,2019,42.91025,1.24,4.7692
Fleabane,Portland,-3.667,-0.417,-0.833,Spring,2019,61.264857,2.5253,1.9231
WhorryDaisy,Beckley,-1.4,-0.6,-0.8,Spring,2019,6.586791,6.335,4
WhorryDaisy,SkyDome,0.6,0.4,0.2,Spring,2019,-15.495134,4.831,5.1538
WhorryDaisy,LowlandPlain,-0.4,-0.6,-0.8,Spring,2019,-1.33498,16.974,8
WhorryDaisy,BernBack,-0.4,1.4,1.2,Spring,2019,-26.215637,9.508,4.1538
WhorryDaisy,ScottsGap,1.6,-0.6,0.2,Spring,2019,-32.253651,1.911,4.6923
YellowCress,Allee,-1,-0.333,-0.667,Spring,2019,-15.149239,6.578,6.5385
YellowCress,LowlandPlain,4,0.667,1.333,Spring,2019,-1.33498,16.974,8
YellowCress,ResBldg,-3,-0.333,-0.667,Spring,2019,-15.543983,5.047,4.8462
CornSalad,Allee,0.5,-0.5,0.25,Spring,2019,-15.149239,6.578,6.5385
CornSalad,LowlandPlain,1.5,-0.5,-0.75,Spring,2019,-1.33498,16.974,8
CornSalad,ResBldg,-1.5,0.5,0.25,Spring,2019,-15.543983,5.047,4.8462
CornSalad,ScottsGap,-0.5,0.5,0.25,Spring,2019,-32.253651,1.911,4.6923
Chickweed,Allee,0.636,-0.364,0.455,Spring,2019,-15.149239,6.578,6.5385
Chickweed,SkyDome,-0.364,0.636,0.455,Spring,2019,-15.495134,4.831,5.1538
Chickweed,LowlandPlain,-0.364,-0.364,-0.545,Spring,2019,-1.33498,16.974,8
Chickweed,Thurman,0.636,-0.364,-0.545,Spring,2019,15.503425,0.962,1.7692
Chickweed,ResBldg,-0.364,0.636,0.455,Spring,2019,-15.543983,5.047,4.8462
Chickweed,BernBack,-0.364,1.636,1.455,Spring,2019,-26.215637,9.508,4.1538
Chickweed,ScottsGap,0.636,-0.364,0.455,Spring,2019,-32.253651,1.911,4.6923
Chickweed,Foxrun,0.636,-0.364,-0.545,Spring,2019,-21.09743,0.71,4.8462
Chickweed,Seneca,-0.364,-0.364,-0.545,Spring,2019,51.308361,1.008,4.4615
Chickweed,Cherokee,-0.364,-0.364,-0.545,Spring,2019,42.91025,1.24,4.7692
Chickweed,Portland,-0.364,-0.364,-0.545,Spring,2019,61.264857,2.5253,1.9231
DeadNettle,Allee,-0.444,-0.111,-0.111,Spring,2019,-15.149239,6.578,6.5385
DeadNettle,LowlandPlain,0.556,-0.111,-0.111,Spring,2019,-1.33498,16.974,8
DeadNettle,Thurman,0.556,-0.111,-0.111,Spring,2019,15.503425,0.962,1.7692
DeadNettle,BernFront,-0.444,-0.111,-0.111,Spring,2019,-18.820962,4.076,1.7692
DeadNettle,ScottsGap,-0.444,-0.111,-0.111,Spring,2019,-32.253651,1.911,4.6923
DeadNettle,Foxrun,0.556,-0.111,-0.111,Spring,2019,-21.09743,0.71,4.8462
DeadNettle,Seneca,-0.444,-0.111,-0.111,Spring,2019,51.308361,1.008,4.4615
DeadNettle,Cherokee,-0.444,0.889,0.889,Spring,2019,42.91025,1.24,4.7692
DeadNettle,Portland,0.556,-0.111,-0.111,Spring,2019,61.264857,2.5253,1.9231
Ranunculus,LowlandPlain,4.667,-0.667,NA,Spring,2019,-1.33498,16.974,8
Ranunculus,ResBldg,-3.333,0.333,NA,Spring,2019,-15.543983,5.047,4.8462
Ranunculus,Foxrun,-1.333,0.333,NA,Spring,2019,-21.09743,0.71,4.8462
Bedstraw,Allee,-0.571,0.714,0.571,Spring,2019,-15.149239,6.578,6.5385
Bedstraw,LowlandPlain,0.429,-0.286,-0.429,Spring,2019,-1.33498,16.974,8
Bedstraw,Thurman,0.429,-0.286,-0.429,Spring,2019,15.503425,0.962,1.7692
Bedstraw,ResBldg,-0.571,-0.286,-0.429,Spring,2019,-15.543983,5.047,4.8462
Bedstraw,ScottsGap,0.429,-0.286,0.571,Spring,2019,-32.253651,1.911,4.6923
Bedstraw,Foxrun,-0.571,0.714,0.571,Spring,2019,-21.09743,0.71,4.8462
Bedstraw,Seneca,0.429,-0.286,-0.429,Spring,2019,51.308361,1.008,4.4615
LilBlueMint,LowlandPlain,0.333,NA,-0.333,Spring,2019,-1.33498,16.974,8
LilBlueMint,Foxrun,0.333,NA,0.667,Spring,2019,-21.09743,0.71,4.8462
LilBlueMint,Portland,-0.667,NA,-0.333,Spring,2019,61.264857,2.5253,1.9231
WhiteClover,SkyDome,-3.286,2.571,0.714,Spring,2019,-15.495134,4.831,5.1538
WhiteClover,LowlandPlain,5.714,-1.429,0.714,Spring,2019,-1.33498,16.974,8
WhiteClover,ResBldg,1.714,-0.429,-0.286,Spring,2019,-15.543983,5.047,4.8462
WhiteClover,ScottsGap,-0.286,-0.429,-0.286,Spring,2019,-32.253651,1.911,4.6923
WhiteClover,Foxrun,-0.286,-0.429,-0.286,Spring,2019,-21.09743,0.71,4.8462
WhiteClover,Seneca,0.714,-0.429,0.714,Spring,2019,51.308361,1.008,4.4615
WhiteClover,Portland,-4.286,0.571,-1.286,Spring,2019,61.264857,2.5253,1.9231
WoodSorrel,BernFront,-0.75,0.5,0.25,Spring,2019,-18.820962,4.076,1.7692
WoodSorrel,BernBack,0.25,0.5,1.25,Spring,2019,-26.215637,9.508,4.1538
WoodSorrel,ScottsGap,1.25,-0.5,-0.75,Spring,2019,-32.253651,1.911,4.6923
WoodSorrel,Cherokee,-0.75,-0.5,-0.75,Spring,2019,42.91025,1.24,4.7692
CreepinPurpMint,LowlandPlain,-1,0.6,0.4,Spring,2019,-1.33498,16.974,8
CreepinPurpMint,ScottsGap,-1,-0.4,-0.6,Spring,2019,-32.253651,1.911,4.6923
CreepinPurpMint,Foxrun,0,0.6,0.4,Spring,2019,-21.09743,0.71,4.8462
CreepinPurpMint,Seneca,1,-0.4,0.4,Spring,2019,51.308361,1.008,4.4615
CreepinPurpMint,Cherokee,1,-0.4,-0.6,Spring,2019,42.91025,1.24,4.7692
Strawberry,Seneca,-0.333,NA,-0.333,Spring,2019,51.308361,1.008,4.4615
Strawberry,Iriquois,0.667,NA,0.667,Spring,2019,32.159273,4.213,2.8462
Strawberry,Portland,-0.333,NA,-0.333,Spring,2019,61.264857,2.5253,1.9231
YellowClover,Allee,-2,-0.857,-1.429,Spring,2019,-15.149239,6.578,6.5385
YellowClover,LowlandPlain,4,-0.857,-0.429,Spring,2019,-1.33498,16.974,8
YellowClover,BernFront,-1,0.143,0.571,Spring,2019,-18.820962,4.076,1.7692
YellowClover,ResBldg,2,-0.857,-0.429,Spring,2019,-15.543983,5.047,4.8462
YellowClover,BernBack,-1,0.143,0.571,Spring,2019,-26.215637,9.508,4.1538
YellowClover,ScottsGap,-2,1.143,0.571,Spring,2019,-32.253651,1.911,4.6923
YellowClover,Foxrun,0,1.143,0.571,Spring,2019,-21.09743,0.71,4.8462
Geranium,Allee,0.167,-0.333,-0.333,Spring,2019,-15.149239,6.578,6.5385
Geranium,LowlandPlain,2.167,-0.333,-0.333,Spring,2019,-1.33498,16.974,8
Geranium,Thurman,-0.833,-0.333,-0.333,Spring,2019,15.503425,0.962,1.7692
Geranium,BernFront,-0.833,1.667,1.667,Spring,2019,-18.820962,4.076,1.7692
Geranium,ResBldg,-0.833,-0.333,-0.333,Spring,2019,-15.543983,5.047,4.8462
Geranium,Foxrun,0.167,-0.333,-0.333,Spring,2019,-21.09743,0.71,4.8462
OrangeMilkweed,LowlandPlain,-1.4,0.8,0.4,Spring,2019,-1.33498,16.974,8
OrangeMilkweed,ResBldg,-1.4,0.8,0.4,Spring,2019,-15.543983,5.047,4.8462
OrangeMilkweed,BernBack,-0.4,-0.2,-0.6,Spring,2019,-26.215637,9.508,4.1538
OrangeMilkweed,Seneca,0.6,-0.2,0.4,Spring,2019,51.308361,1.008,4.4615
OrangeMilkweed,Cherokee,2.6,-1.2,-0.6,Spring,2019,42.91025,1.24,4.7692
Foxglove,Allee,-0.4,NA,-0.2,Spring,2019,-15.149239,6.578,6.5385
Foxglove,Thurman,-1.4,NA,-0.2,Spring,2019,15.503425,0.962,1.7692
Foxglove,BernBack,1.6,NA,0.8,Spring,2019,-26.215637,9.508,4.1538
Foxglove,Seneca,-1.4,NA,-0.2,Spring,2019,51.308361,1.008,4.4615
Foxglove,Cherokee,1.6,NA,-0.2,Spring,2019,42.91025,1.24,4.7692
Blackberry,SkyDome,-0.333,NA,NA,Spring,2019,-15.495134,4.831,5.1538
Blackberry,ResBldg,0.667,NA,NA,Spring,2019,-15.543983,5.047,4.8462
Blackberry,Iriquois,-0.333,NA,NA,Spring,2019,32.159273,4.213,2.8462
Honeysuckle,Beckley,0.75,-0.75,NA,Spring,2019,6.586791,6.335,4
Honeysuckle,SkyDome,-0.25,0.25,NA,Spring,2019,-15.495134,4.831,5.1538
Honeysuckle,ResBldg,-0.25,0.25,NA,Spring,2019,-15.543983,5.047,4.8462
Honeysuckle,Cherokee,-0.25,0.25,NA,Spring,2019,42.91025,1.24,4.7692
Dogbane,Allee,4,-0.25,0,Spring,2019,-15.149239,6.578,6.5385
Dogbane,SkyDome,-1,-1.25,-2,Spring,2019,-15.495134,4.831,5.1538
Dogbane,ResBldg,0,-1.25,0,Spring,2019,-15.543983,5.047,4.8462
Dogbane,Cherokee,-3,2.75,2,Spring,2019,42.91025,1.24,4.7692
Yarrow,ResBldg,-1.4,1.4,1.2,Spring,2019,-15.543983,5.047,4.8462
Yarrow,BernBack,0.6,-0.6,0.2,Spring,2019,-26.215637,9.508,4.1538
Yarrow,Foxrun,0.6,-0.6,-0.8,Spring,2019,-21.09743,0.71,4.8462
Yarrow,Cherokee,-0.4,0.4,0.2,Spring,2019,42.91025,1.24,4.7692
Yarrow,Iriquois,0.6,-0.6,-0.8,Spring,2019,32.159273,4.213,2.8462
VibrateStamens,Beckley,-1.625,0.125,-0.75,Summer,2019,6.586791,6.335,4
VibrateStamens,Allee,1.375,-0.875,-0.75,Summer,2019,-15.149239,6.578,6.5385
VibrateStamens,SkyDome,-1.625,0.125,-0.75,Summer,2019,-15.495134,4.831,5.1538
VibrateStamens,LowlandPlain,-1.625,1.125,0.25,Summer,2019,-1.33498,16.974,8
VibrateStamens,ResBldg,1.375,-0.875,1.25,Summer,2019,-15.543983,5.047,4.8462
VibrateStamens,BernBack,0.375,0.125,0.25,Summer,2019,-26.215637,9.508,4.1538
VibrateStamens,Cherokee,-1.625,0.125,-0.75,Summer,2019,42.91025,1.24,4.7692
VibrateStamens,Iriquois,3.375,0.125,1.25,Summer,2019,32.159273,4.213,2.8462
BES,Beckley,1.4,-0.1,0.8,Summer,2019,6.586791,6.335,4
BES,Allee,0.4,-0.1,-1.2,Summer,2019,-15.149239,6.578,6.5385
BES,SkyDome,-1.6,0.9,0.8,Summer,2019,-15.495134,4.831,5.1538
BES,LowlandPlain,0.4,-0.1,-0.2,Summer,2019,-1.33498,16.974,8
BES,BernFront,0.4,-0.1,-0.2,Summer,2019,-18.820962,4.076,1.7692
BES,BernBack,1.4,-1.1,-0.2,Summer,2019,-26.215637,9.508,4.1538
BES,ScottsGap,0.4,-0.1,-0.2,Summer,2019,-32.253651,1.911,4.6923
BES,Foxrun,-3.6,1.9,0.8,Summer,2019,-21.09743,0.71,4.8462
BES,Seneca,0.4,-0.1,-0.2,Summer,2019,51.308361,1.008,4.4615
BES,Cherokee,0.4,-1.1,-0.2,Summer,2019,42.91025,1.24,4.7692
Pinknotweed,Allee,-2.667,1.333,1,Summer,2019,-15.149239,6.578,6.5385
Pinknotweed,LowlandPlain,0.333,1.333,0,Summer,2019,-1.33498,16.974,8
Pinknotweed,Foxrun,2.333,-2.667,-1,Summer,2019,-21.09743,0.71,4.8462
MorningGlory,Allee,-0.8,-1,1.6,Summer,2019,-15.149239,6.578,6.5385
MorningGlory,LowlandPlain,-1.8,1,-0.4,Summer,2019,-1.33498,16.974,8
MorningGlory,Thurman,-1.8,0,-1.4,Summer,2019,15.503425,0.962,1.7692
MorningGlory,ResBldg,-0.8,1,-0.4,Summer,2019,-15.543983,5.047,4.8462
MorningGlory,Portland,5.2,-1,0.6,Summer,2019,61.264857,2.5253,1.9231
BeeBalm,Allee,0.667,-0.167,0.667,Summer,2019,-15.149239,6.578,6.5385
BeeBalm,BernBack,-2.333,0.833,-0.333,Summer,2019,-26.215637,9.508,4.1538
BeeBalm,ScottsGap,-2.333,-0.167,-1.333,Summer,2019,-32.253651,1.911,4.6923
BeeBalm,Foxrun,1.667,-0.167,0.667,Summer,2019,-21.09743,0.71,4.8462
BeeBalm,Seneca,-0.333,0.833,0.667,Summer,2019,51.308361,1.008,4.4615
BeeBalm,Cherokee,2.667,-1.167,-0.333,Summer,2019,42.91025,1.24,4.7692
Snakeroot,BernBack,-2.75,1.5,0.5,Summer,2019,-26.215637,9.508,4.1538
Snakeroot,Foxrun,1.25,-0.5,-0.5,Summer,2019,-21.09743,0.71,4.8462
Snakeroot,Seneca,-1.75,0.5,-0.5,Summer,2019,51.308361,1.008,4.4615
Snakeroot,Cherokee,3.25,-1.5,0.5,Summer,2019,42.91025,1.24,4.7692
Petunia,SkyDome,0.667,-0.333,0.667,Summer,2019,-15.495134,4.831,5.1538
Petunia,BernFront,-2.333,1.667,0.667,Summer,2019,-18.820962,4.076,1.7692
Petunia,BernBack,1.667,-1.333,-1.333,Summer,2019,-26.215637,9.508,4.1538
Sunflower,Foxrun,0,-0.5,-1,Summer,2019,-21.09743,0.71,4.8462
Sunflower,Seneca,2,-0.5,1,Summer,2019,51.308361,1.008,4.4615
Sunflower,Cherokee,-1,0.5,0,Summer,2019,42.91025,1.24,4.7692
Sunflower,Portland,-1,0.5,0,Summer,2019,61.264857,2.5253,1.9231
Selfheal,Allee,-1.8,1.6,1.2,Summer,2019,-15.149239,6.578,6.5385
Selfheal,SkyDome,4.2,-1.4,0.2,Summer,2019,-15.495134,4.831,5.1538
Selfheal,LowlandPlain,-0.8,-1.4,-1.8,Summer,2019,-1.33498,16.974,8
Selfheal,ScottsGap,-1.8,1.6,1.2,Summer,2019,-32.253651,1.911,4.6923
Selfheal,Cherokee,0.2,-0.4,-0.8,Summer,2019,42.91025,1.24,4.7692
YellowSundrop,Thurman,-1.75,-0.5,-1,Summer,2019,15.503425,0.962,1.7692
YellowSundrop,Foxrun,-0.75,0.5,1,Summer,2019,-21.09743,0.71,4.8462
YellowSundrop,Seneca,0.25,0.5,0,Summer,2019,51.308361,1.008,4.4615
YellowSundrop,Cherokee,2.25,-0.5,0,Summer,2019,42.91025,1.24,4.7692
QueenAnnesLace,Beckley,-1.25,1,0.5,Summer,2019,6.586791,6.335,4
QueenAnnesLace,SkyDome,-0.25,0,-0.5,Summer,2019,-15.495134,4.831,5.1538
QueenAnnesLace,ResBldg,-0.25,0,-0.5,Summer,2019,-15.543983,5.047,4.8462
QueenAnnesLace,Seneca,1.75,-1,0.5,Summer,2019,51.308361,1.008,4.4615
Thistle,Beckley,1.75,-2.25,-1.5,Summer,2019,6.586791,6.335,4
Thistle,ResBldg,-0.25,-2.25,-2.5,Summer,2019,-15.543983,5.047,4.8462
Thistle,BernBack,-0.25,0.75,0.5,Summer,2019,-26.215637,9.508,4.1538
Thistle,ScottsGap,-1.25,3.75,3.5,Summer,2019,-32.253651,1.911,4.6923
Tickseed,Beckley,-0.273,0.636,-0.545,Summer,2019,6.586791,6.335,4
Tickseed,Allee,0.727,-0.364,-0.545,Summer,2019,-15.149239,6.578,6.5385
Tickseed,SkyDome,0.727,-1.364,0.455,Summer,2019,-15.495134,4.831,5.1538
Tickseed,Thurman,-0.273,0.636,-0.545,Summer,2019,15.503425,0.962,1.7692
Tickseed,ResBldg,0.727,-0.364,0.455,Summer,2019,-15.543983,5.047,4.8462
Tickseed,ScottsGap,-0.273,0.636,0.455,Summer,2019,-32.253651,1.911,4.6923
Tickseed,Foxrun,-0.273,0.636,0.455,Summer,2019,-21.09743,0.71,4.8462
Tickseed,Seneca,0.727,-2.364,-0.545,Summer,2019,51.308361,1.008,4.4615
Tickseed,Cherokee,0.727,-0.364,0.455,Summer,2019,42.91025,1.24,4.7692
Tickseed,Iriquois,-1.273,1.636,0.455,Summer,2019,32.159273,4.213,2.8462
Tickseed,Portland,-1.273,0.636,-0.545,Summer,2019,61.264857,2.5253,1.9231
StJwort,Allee,1.25,-0.75,0,Summer,2019,-15.149239,6.578,6.5385
StJwort,SkyDome,-0.75,0.25,0,Summer,2019,-15.495134,4.831,5.1538
StJwort,ScottsGap,-0.75,1.25,1,Summer,2019,-32.253651,1.911,4.6923
StJwort,Iriquois,0.25,-0.75,-1,Summer,2019,32.159273,4.213,2.8462
PurplePads,Beckley,1.8,-1,0.2,Summer,2019,6.586791,6.335,4
PurplePads,SkyDome,-3.2,2,0.2,Summer,2019,-15.495134,4.831,5.1538
PurplePads,ResBldg,-3.2,1,-0.8,Summer,2019,-15.543983,5.047,4.8462
PurplePads,ScottsGap,0.8,0,0.2,Summer,2019,-32.253651,1.911,4.6923
PurplePads,Iriquois,3.8,-2,0.2,Summer,2019,32.159273,4.213,2.8462
Goldenrod,Beckley,0,1.727,0.818,Summer,2019,6.586791,6.335,4
Goldenrod,Allee,1,-0.273,0.818,Summer,2019,-15.149239,6.578,6.5385
Goldenrod,SkyDome,3,-2.273,-2.182,Summer,2019,-15.495134,4.831,5.1538
Goldenrod,LowlandPlain,2,-1.273,0.818,Summer,2019,-1.33498,16.974,8
Goldenrod,Thurman,-2,-2.273,-3.182,Summer,2019,15.503425,0.962,1.7692
Goldenrod,ResBldg,-2,1.727,0.818,Summer,2019,-15.543983,5.047,4.8462
Goldenrod,BernBack,-1,1.727,1.818,Summer,2019,-26.215637,9.508,4.1538
Goldenrod,Foxrun,-2,0.727,-0.182,Summer,2019,-21.09743,0.71,4.8462
Goldenrod,Seneca,0,0.727,0.818,Summer,2019,51.308361,1.008,4.4615
Goldenrod,Cherokee,0,0.727,0.818,Summer,2019,42.91025,1.24,4.7692
Goldenrod,Iriquois,1,-1.273,-1.182,Summer,2019,32.159273,4.213,2.8462
SmallBES,Beckley,1,-0.8,0.6,Summer,2019,6.586791,6.335,4
SmallBES,Allee,1,0.2,0.6,Summer,2019,-15.149239,6.578,6.5385
SmallBES,LowlandPlain,2,0.2,-0.4,Summer,2019,-1.33498,16.974,8
SmallBES,BernBack,-2,0.2,-0.4,Summer,2019,-26.215637,9.508,4.1538
SmallBES,ScottsGap,-2,0.2,-0.4,Summer,2019,-32.253651,1.911,4.6923
StJWortShrub,Allee,1.333,-0.667,0,Summer,2019,-15.149239,6.578,6.5385
StJWortShrub,SkyDome,-0.667,-0.667,-1,Summer,2019,-15.495134,4.831,5.1538
StJWortShrub,Iriquois,-0.667,1.333,1,Summer,2019,32.159273,4.213,2.8462
Ironweed,Beckley,0.167,0,0.667,Fall,2019,6.586791,6.335,4
Ironweed,Allee,0.167,-1,-0.333,Fall,2019,-15.149239,6.578,6.5385
Ironweed,SkyDome,0.167,0,-0.333,Fall,2019,-15.495134,4.831,5.1538
Ironweed,Thurman,-0.833,1,-0.333,Fall,2019,15.503425,0.962,1.7692
Ironweed,ResBldg,0.167,0,0.667,Fall,2019,-15.543983,5.047,4.8462
Ironweed,ScottsGap,0.167,0,-0.333,Fall,2019,-32.253651,1.911,4.6923
PartridgePea,SkyDome,0,-0.167,-0.333,Fall,2019,-15.495134,4.831,5.1538
PartridgePea,BernFront,-1,0.833,-0.333,Fall,2019,-18.820962,4.076,1.7692
PartridgePea,BernBack,1,-0.167,0.667,Fall,2019,-26.215637,9.508,4.1538
PartridgePea,Foxrun,3,-1.167,0.667,Fall,2019,-21.09743,0.71,4.8462
PartridgePea,Cherokee,-2,-0.167,-1.333,Fall,2019,42.91025,1.24,4.7692
PartridgePea,Iriquois,-1,0.833,0.667,Fall,2019,32.159273,4.213,2.8462
Whiteknotweed,Allee,-0.25,0.25,-0.25,Fall,2019,-15.149239,6.578,6.5385
Whiteknotweed,LowlandPlain,0.75,-0.75,0.75,Fall,2019,-1.33498,16.974,8
Whiteknotweed,ScottsGap,-0.25,0.25,-0.25,Fall,2019,-32.253651,1.911,4.6923
Whiteknotweed,Seneca,-0.25,0.25,-0.25,Fall,2019,51.308361,1.008,4.4615
WeirdSolidago,Allee,0.75,NA,0.75,Fall,2019,-15.149239,6.578,6.5385
WeirdSolidago,SkyDome,-0.25,NA,-0.25,Fall,2019,-15.495134,4.831,5.1538
WeirdSolidago,Foxrun,-0.25,NA,-0.25,Fall,2019,-21.09743,0.71,4.8462
WeirdSolidago,Iriquois,-0.25,NA,-0.25,Fall,2019,32.159273,4.213,2.8462
Bidens,Allee,-0.667,-0.333,-0.333,Fall,2019,-15.149239,6.578,6.5385
Bidens,ScottsGap,0.333,-0.333,-0.333,Fall,2019,-32.253651,1.911,4.6923
Bidens,Foxrun,0.333,0.667,0.667,Fall,2019,-21.09743,0.71,4.8462
SkinnyGldnrd,SkyDome,1.143,-0.429,0.143,Fall,2019,-15.495134,4.831,5.1538
SkinnyGldnrd,LowlandPlain,-0.857,-0.429,-0.857,Fall,2019,-1.33498,16.974,8
SkinnyGldnrd,Thurman,0.143,-0.429,0.143,Fall,2019,15.503425,0.962,1.7692
SkinnyGldnrd,ResBldg,0.143,0.571,0.143,Fall,2019,-15.543983,5.047,4.8462
SkinnyGldnrd,BernBack,-0.857,0.571,0.143,Fall,2019,-26.215637,9.508,4.1538
SkinnyGldnrd,Foxrun,-0.857,0.571,0.143,Fall,2019,-21.09743,0.71,4.8462
SkinnyGldnrd,Iriquois,1.143,-0.429,0.143,Fall,2019,32.159273,4.213,2.8462
HeathAster,Beckley,-0.083,0.333,-0.417,Fall,2019,6.586791,6.335,4
HeathAster,Allee,-0.083,0.333,-0.417,Fall,2019,-15.149239,6.578,6.5385
HeathAster,SkyDome,-0.083,0.333,-0.417,Fall,2019,-15.495134,4.831,5.1538
HeathAster,LowlandPlain,-0.083,0.333,0.583,Fall,2019,-1.33498,16.974,8
HeathAster,Thurman,0.917,-0.667,-0.417,Fall,2019,15.503425,0.962,1.7692
HeathAster,ResBldg,0.917,-0.667,0.583,Fall,2019,-15.543983,5.047,4.8462
HeathAster,ScottsGap,0.917,-0.667,0.583,Fall,2019,-32.253651,1.911,4.6923
HeathAster,Foxrun,-1.083,0.333,-0.417,Fall,2019,-21.09743,0.71,4.8462
HeathAster,Seneca,-1.083,0.333,0.583,Fall,2019,51.308361,1.008,4.4615
HeathAster,Cherokee,0.917,-0.667,-0.417,Fall,2019,42.91025,1.24,4.7692
HeathAster,Iriquois,-0.083,0.333,-0.417,Fall,2019,32.159273,4.213,2.8462
HeathAster,Portland,-1.083,0.333,0.583,Fall,2019,61.264857,2.5253,1.9231
PurpleThistle,Beckley,-0.667,NA,NA,Fall,2019,6.586791,6.335,4
PurpleThistle,BernBack,0.333,NA,NA,Fall,2019,-26.215637,9.508,4.1538
PurpleThistle,ScottsGap,0.333,NA,NA,Fall,2019,-32.253651,1.911,4.6923
DeadNettle,Cherokee,-0.428571429,NA,-0.285714286,Spring,2018,42.9103,1.24,7.1538
DeadNettle,Seneca,0.571428571,NA,-0.285714286,Spring,2018,51.3084,1.008,5.7692
DeadNettle,Allee,-0.428571429,NA,-0.285714286,Spring,2018,-15.1492,6.578,8.4615
DeadNettle,LowlandPlain,-0.428571429,NA,-0.285714286,Spring,2018,-1.335,16.974,9.4615
DeadNettle,ScottsGap,0.571428571,NA,0.714285714,Spring,2018,-32.2537,1.911,1.0769
DeadNettle,HQ,0.571428571,NA,0.714285714,Spring,2018,-5.3077,0.989,5.3077
DeadNettle,Thurman,-0.428571429,NA,-0.285714286,Spring,2018,15.5034,0.962,2.6923
Dandelion,Seneca,-1,NA,-0.333333333,Spring,2018,51.3084,1.008,5.7692
Dandelion,LowlandPlain,1,NA,0.666666667,Spring,2018,-1.335,16.974,9.4615
Dandelion,Foxrun,0,NA,-0.333333333,Spring,2018,-21.0974,0.71,7
YellowCress,Cherokee,-1.8,NA,-0.2,Spring,2018,42.9103,1.24,7.1538
YellowCress,Seneca,-1.8,NA,-0.2,Spring,2018,51.3084,1.008,5.7692
YellowCress,Allee,0.2,NA,-0.2,Spring,2018,-15.1492,6.578,8.4615
YellowCress,LowlandPlain,5.2,NA,0.8,Spring,2018,-1.335,16.974,9.4615
YellowCress,ResBldg,-1.8,NA,-0.2,Spring,2018,-15.544,5.047,6.0769
Fleabane,Cherokee,-1.615384615,0.769230769,0,Spring,2018,42.9103,1.24,7.1538
Fleabane,Seneca,-2.615384615,-1.230769231,-2,Spring,2018,51.3084,1.008,5.7692
Fleabane,Beckley,-1.615384615,-0.230769231,0,Spring,2018,6.5868,6.335,2.7692
Fleabane,Allee,2.384615385,-1.230769231,0,Spring,2018,-15.1492,6.578,8.4615
Fleabane,SkyDome,-0.615384615,0.769230769,0,Spring,2018,-15.4951,4.831,5.7692
Fleabane,LowlandPlain,4.384615385,-1.230769231,-2,Spring,2018,-1.335,16.974,9.4615
Fleabane,BernFront,-0.615384615,-1.230769231,-3,Spring,2018,-18.821,4.076,1.2308
Fleabane,ResBldg,1.384615385,0.769230769,0,Spring,2018,-15.544,5.047,6.0769
Fleabane,BernLake,1.384615385,-1.230769231,3,Spring,2018,-22.1162,2.698,3.3077
Fleabane,BernBack,-1.615384615,0.769230769,0,Spring,2018,-26.2156,9.508,2.0769
Fleabane,ScottsGap,-3.615384615,1.769230769,0,Spring,2018,-32.2537,1.911,1.0769
Fleabane,HQ,0.384615385,1.769230769,3,Spring,2018,-5.3077,0.989,5.3077
Fleabane,Foxrun,2.384615385,-0.230769231,1,Spring,2018,-21.0974,0.71,7
Cornsalad,Allee,2.666666667,-0.333333333,-0.666666667,Spring,2018,-15.1492,6.578,8.4615
Cornsalad,LowlandPlain,-0.333333333,-0.333333333,-0.666666667,Spring,2018,-1.335,16.974,9.4615
Cornsalad,ResBldg,-1.333333333,0.666666667,-0.666666667,Spring,2018,-15.544,5.047,6.0769
Cornsalad,ScottsGap,-0.333333333,-0.333333333,-0.666666667,Spring,2018,-32.2537,1.911,1.0769
Cornsalad,HQ,0.666666667,-0.333333333,3.333333333,Spring,2018,-5.3077,0.989,5.3077
Cornsalad,Thurman,-1.333333333,0.666666667,-0.666666667,Spring,2018,15.5034,0.962,2.6923
Ranunculus,LowlandPlain,4.5,-0.5,-0.5,Spring,2018,-1.335,16.974,9.4615
Ranunculus,ResBldg,-1.5,0.5,-0.5,Spring,2018,-15.544,5.047,6.0769
Ranunculus,BernLake,-1.5,-0.5,-1.5,Spring,2018,-22.1162,2.698,3.3077
Ranunculus,HQ,-0.5,1.5,1.5,Spring,2018,-5.3077,0.989,5.3077
Ranunculus,Foxrun,0.5,-0.5,2.5,Spring,2018,-21.0974,0.71,7
Ranunculus,Thurman,-1.5,-0.5,-1.5,Spring,2018,15.5034,0.962,2.6923
WoodSorrel,Cherokee,0.272727273,-0.636363636,-1.545454545,Spring,2018,42.9103,1.24,7.1538
WoodSorrel,Seneca,-0.727272727,-1.636363636,-2.545454545,Spring,2018,51.3084,1.008,5.7692
WoodSorrel,Allee,0.272727273,4.363636364,3.454545455,Spring,2018,-15.1492,6.578,8.4615
WoodSorrel,LowlandPlain,3.272727273,-1.636363636,4.454545455,Spring,2018,-1.335,16.974,9.4615
WoodSorrel,BernLake,0.272727273,3.363636364,4.454545455,Spring,2018,-22.1162,2.698,3.3077
WoodSorrel,BernBack,-0.727272727,-0.636363636,-1.545454545,Spring,2018,-26.2156,9.508,2.0769
WoodSorrel,ScottsGap,-0.727272727,-0.636363636,-1.545454545,Spring,2018,-32.2537,1.911,1.0769
WoodSorrel,HQ,-0.727272727,-1.636363636,-2.545454545,Spring,2018,-5.3077,0.989,5.3077
WoodSorrel,Foxrun,-0.727272727,-0.636363636,-1.545454545,Spring,2018,-21.0974,0.71,7
WoodSorrel,Grace,0.272727273,-1.636363636,-1.545454545,Spring,2018,-15.4574,2.909,1.2308
WoodSorrel,Iriquois,-0.727272727,1.363636364,0.454545455,Spring,2018,32.1593,4.213,3.0769
LilBlueMint,Cherokee,-0.428571429,0.428571429,0.428571429,Spring,2018,42.9103,1.24,7.1538
LilBlueMint,Allee,-0.428571429,0.428571429,0.428571429,Spring,2018,-15.1492,6.578,8.4615
LilBlueMint,BernLake,0.571428571,-0.571428571,-0.571428571,Spring,2018,-22.1162,2.698,3.3077
LilBlueMint,ScottsGap,-0.428571429,0.428571429,0.428571429,Spring,2018,-32.2537,1.911,1.0769
LilBlueMint,HQ,0.571428571,-0.571428571,-0.571428571,Spring,2018,-5.3077,0.989,5.3077
LilBlueMint,Foxrun,0.571428571,-0.571428571,-0.571428571,Spring,2018,-21.0974,0.71,7
LilBlueMint,Thurman,-0.428571429,0.428571429,0.428571429,Spring,2018,15.5034,0.962,2.6923
Bedstraw,Seneca,-0.4,0.4,0.4,Spring,2018,51.3084,1.008,5.7692
Bedstraw,BernLake,0.6,-0.6,-0.6,Spring,2018,-22.1162,2.698,3.3077
Bedstraw,ScottsGap,-0.4,0.4,0.4,Spring,2018,-32.2537,1.911,1.0769
Bedstraw,HQ,0.6,-0.6,-0.6,Spring,2018,-5.3077,0.989,5.3077
Bedstraw,Thurman,-0.4,0.4,0.4,Spring,2018,15.5034,0.962,2.6923
Chickweed,Cherokee,0.5,0.4,0.3,Spring,2018,42.9103,1.24,7.1538
Chickweed,Seneca,-0.5,0.4,0.3,Spring,2018,51.3084,1.008,5.7692
Chickweed,BernLake,0.5,-0.6,-0.7,Spring,2018,-22.1162,2.698,3.3077
Chickweed,BernBack,-0.5,0.4,0.3,Spring,2018,-26.2156,9.508,2.0769
Chickweed,ScottsGap,-0.5,0.4,0.3,Spring,2018,-32.2537,1.911,1.0769
Chickweed,HQ,0.5,-0.6,-0.7,Spring,2018,-5.3077,0.989,5.3077
Chickweed,Foxrun,0.5,-0.6,-0.7,Spring,2018,-21.0974,0.71,7
Chickweed,Grace,-0.5,0.4,0.3,Spring,2018,-15.4574,2.909,1.2308
Chickweed,Hingckly,-0.5,0.4,0.3,Spring,2018,-30.6941,5.612,1.4615
Chickweed,Thurman,0.5,-0.6,0.3,Spring,2018,15.5034,0.962,2.6923
Avens,Allee,-0.333333333,0,0,Spring,2018,-15.1492,6.578,8.4615
Avens,LowlandPlain,-0.333333333,2,2,Spring,2018,-1.335,16.974,9.4615
Avens,ResBldg,-0.333333333,0,0,Spring,2018,-15.544,5.047,6.0769
Avens,BernLake,0.666666667,-1,-1,Spring,2018,-22.1162,2.698,3.3077
Avens,ScottsGap,-0.333333333,0,0,Spring,2018,-32.2537,1.911,1.0769
Avens,HQ,0.666666667,-1,-1,Spring,2018,-5.3077,0.989,5.3077
GroundIvy,Seneca,0.25,0.75,0.75,Spring,2018,51.3084,1.008,5.7692
GroundIvy,ScottsGap,0.25,-0.25,-0.25,Spring,2018,-32.2537,1.911,1.0769
GroundIvy,Foxrun,0.25,-0.25,-0.25,Spring,2018,-21.0974,0.71,7
GroundIvy,Grace,-0.75,-0.25,-0.25,Spring,2018,-15.4574,2.909,1.2308
Geranium,Allee,-0.166666667,NA,-0.166666667,Spring,2018,-15.1492,6.578,8.4615
Geranium,LowlandPlain,-0.166666667,NA,-0.166666667,Spring,2018,-1.335,16.974,9.4615
Geranium,BernLake,-0.166666667,NA,-0.166666667,Spring,2018,-22.1162,2.698,3.3077
Geranium,HQ,0.833333333,NA,0.833333333,Spring,2018,-5.3077,0.989,5.3077
Geranium,Foxrun,-0.166666667,NA,-0.166666667,Spring,2018,-21.0974,0.71,7
Geranium,Thurman,-0.166666667,NA,-0.166666667,Spring,2018,15.5034,0.962,2.6923
CrownVetch,Allee,-0.25,-0.25,-0.25,Spring,2018,-15.1492,6.578,8.4615
CrownVetch,LowlandPlain,0.75,-3.25,-3.25,Spring,2018,-1.335,16.974,9.4615
CrownVetch,HQ,-0.25,-1.25,-1.25,Spring,2018,-5.3077,0.989,5.3077
CrownVetch,Swamp,-0.25,4.75,4.75,Spring,2018,9.7535,0.367,2.3846
SenecioRagwort,SkyDome,0.666666667,NA,NA,Spring,2018,-15.4951,4.831,5.7692
SenecioRagwort,LowlandPlain,-0.333333333,NA,NA,Spring,2018,-1.335,16.974,9.4615
SenecioRagwort,BernLake,-0.333333333,NA,NA,Spring,2018,-22.1162,2.698,3.3077
WhiteClover,Cherokee,1,-0.222222222,-1.111111111,Spring,2018,42.9103,1.24,7.1538
WhiteClover,Seneca,-2,-1.222222222,-2.111111111,Spring,2018,51.3084,1.008,5.7692
WhiteClover,Allee,-1,-0.222222222,-1.111111111,Spring,2018,-15.1492,6.578,8.4615
WhiteClover,SkyDome,-2,4.777777778,3.888888889,Spring,2018,-15.4951,4.831,5.7692
WhiteClover,LowlandPlain,-2,-1.222222222,0.888888889,Spring,2018,-1.335,16.974,9.4615
WhiteClover,ResBldg,5,-0.222222222,-0.111111111,Spring,2018,-15.544,5.047,6.0769
WhiteClover,HQ,-1,-1.222222222,-0.111111111,Spring,2018,-5.3077,0.989,5.3077
WhiteClover,Foxrun,3,-1.222222222,-0.111111111,Spring,2018,-21.0974,0.71,7
WhiteClover,Grace,-1,0.777777778,-0.111111111,Spring,2018,-15.4574,2.909,1.2308
YellowClover,SkyDome,-0.428571429,1,0.285714286,Spring,2018,-15.4951,4.831,5.7692
YellowClover,LowlandPlain,-0.428571429,0,0.285714286,Spring,2018,-1.335,16.974,9.4615
YellowClover,BernFront,-0.428571429,0,0.285714286,Spring,2018,-18.821,4.076,1.2308
YellowClover,ResBldg,1.571428571,-1,-0.714285714,Spring,2018,-15.544,5.047,6.0769
YellowClover,HQ,1.571428571,0,-0.714285714,Spring,2018,-5.3077,0.989,5.3077
YellowClover,Foxrun,-0.428571429,-1,0.285714286,Spring,2018,-21.0974,0.71,7
YellowClover,Grace,-1.428571429,1,0.285714286,Spring,2018,-15.4574,2.909,1.2308
FalseStrawberry,Cherokee,NA,-1,-1,Spring,2018,42.9103,1.24,7.1538
FalseStrawberry,Allee,NA,2,2,Spring,2018,-15.1492,6.578,8.4615
FalseStrawberry,Iriquois,NA,-1,-1,Spring,2018,32.1593,4.213,3.0769
Strawberry,Seneca,NA,-0.666666667,-0.666666667,Spring,2018,51.3084,1.008,5.7692
Strawberry,BernLake,NA,-0.666666667,-0.666666667,Spring,2018,-22.1162,2.698,3.3077
Strawberry,Foxrun,NA,1.333333333,1.333333333,Spring,2018,-21.0974,0.71,7
Yarrow,BernLake,0.25,-1,2.25,Spring,2018,-22.1162,2.698,3.3077
Yarrow,BernBack,0.25,0,0.25,Spring,2018,-26.2156,9.508,2.0769
Yarrow,Foxrun,0.25,0,-1.75,Spring,2018,-21.0974,0.71,7
Yarrow,Iriquois,-0.75,1,-0.75,Spring,2018,32.1593,4.213,3.0769
Honeysuckle,Cherokee,NA,-0.666666667,-0.666666667,Spring,2018,42.9103,1.24,7.1538
Honeysuckle,Beckley,NA,1.333333333,1.333333333,Spring,2018,6.5868,6.335,2.7692
Honeysuckle,SkyDome,NA,-0.666666667,-0.666666667,Spring,2018,-15.4951,4.831,5.7692
Foxglove,Cherokee,0.5,NA,NA,Summer,2018,42.9103,1.24,7.1538
Foxglove,Seneca,-0.5,NA,NA,Summer,2018,51.3084,1.008,5.7692
Foxglove,BernBack,-0.5,NA,NA,Summer,2018,-26.2156,9.508,2.0769
Foxglove,Thurman,0.5,NA,NA,Summer,2018,15.5034,0.962,2.6923
PurpleClover,LowlandPlain,3,-1.666666667,0.333333333,Summer,2018,-1.335,16.974,9.4615
PurpleClover,ResBldg,0,-0.666666667,-1.666666667,Summer,2018,-15.544,5.047,6.0769
PurpleClover,BernLake,-3,2.333333333,1.333333333,Summer,2018,-22.1162,2.698,3.3077
Pinknotweed,Seneca,-2,2.571428571,0.714285714,Summer,2018,51.3084,1.008,5.7692
Pinknotweed,Allee,5,-2.428571429,-1.285714286,Summer,2018,-15.1492,6.578,8.4615
Pinknotweed,LowlandPlain,3,-0.428571429,-1.285714286,Summer,2018,-1.335,16.974,9.4615
Pinknotweed,BernLake,0,0.571428571,1.714285714,Summer,2018,-22.1162,2.698,3.3077
Pinknotweed,HQ,-3,-3.428571429,-3.285714286,Summer,2018,-5.3077,0.989,5.3077
Pinknotweed,Foxrun,-1,-2.428571429,1.714285714,Summer,2018,-21.0974,0.71,7
Pinknotweed,Swamp,-2,5.571428571,1.714285714,Summer,2018,9.7535,0.367,2.3846
OrangeMilkweed,Cherokee,4,0,-0.4,Summer,2018,42.9103,1.24,7.1538
OrangeMilkweed,Seneca,1,-1,-0.4,Summer,2018,51.3084,1.008,5.7692
OrangeMilkweed,SkyDome,-2,1,0.6,Summer,2018,-15.4951,4.831,5.7692
OrangeMilkweed,BernBack,-1,-1,-0.4,Summer,2018,-26.2156,9.508,2.0769
OrangeMilkweed,Iriquois,-2,1,0.6,Summer,2018,32.1593,4.213,3.0769
BeeBalm,Cherokee,1.25,0.25,0.25,Summer,2018,42.9103,1.24,7.1538
BeeBalm,Seneca,2.25,-0.75,1.25,Summer,2018,51.3084,1.008,5.7692
BeeBalm,Allee,-1.75,0.25,-0.75,Summer,2018,-15.1492,6.578,8.4615
BeeBalm,Foxrun,-1.75,0.25,-0.75,Summer,2018,-21.0974,0.71,7
BES,Cherokee,2.545454545,-0.818181818,1.818181818,Summer,2018,42.9103,1.24,7.1538
BES,Seneca,3.545454545,-0.818181818,3.818181818,Summer,2018,51.3084,1.008,5.7692
BES,Beckley,-2.454545455,-0.818181818,-2.181818182,Summer,2018,6.5868,6.335,2.7692
BES,Allee,1.545454545,1.181818182,0.818181818,Summer,2018,-15.1492,6.578,8.4615
BES,SkyDome,-1.454545455,0.181818182,-1.181818182,Summer,2018,-15.4951,4.831,5.7692
BES,LowlandPlain,2.545454545,-0.818181818,-0.181818182,Summer,2018,-1.335,16.974,9.4615
BES,BernFront,-2.454545455,-0.818181818,-2.181818182,Summer,2018,-18.821,4.076,1.2308
BES,ResBldg,-2.454545455,5.181818182,3.818181818,Summer,2018,-15.544,5.047,6.0769
BES,BernBack,-1.454545455,-0.818181818,-2.181818182,Summer,2018,-26.2156,9.508,2.0769
BES,Foxrun,2.545454545,-0.818181818,-0.181818182,Summer,2018,-21.0974,0.71,7
BES,Grace,-2.454545455,-0.818181818,-2.181818182,Summer,2018,-15.4574,2.909,1.2308
VibrateStamens,Cherokee,-1.636363636,0.363636364,-0.636363636,Summer,2018,42.9103,1.24,7.1538
VibrateStamens,Allee,4.363636364,-0.636363636,0.363636364,Summer,2018,-15.1492,6.578,8.4615
VibrateStamens,SkyDome,-0.636363636,0.363636364,-0.636363636,Summer,2018,-15.4951,4.831,5.7692
VibrateStamens,ResBldg,1.363636364,-0.636363636,-0.636363636,Summer,2018,-15.544,5.047,6.0769
VibrateStamens,BernLake,2.363636364,0.363636364,1.363636364,Summer,2018,-22.1162,2.698,3.3077
VibrateStamens,BernBack,-1.636363636,0.363636364,-0.636363636,Summer,2018,-26.2156,9.508,2.0769
VibrateStamens,ScottsGap,-1.636363636,-0.636363636,-1.636363636,Summer,2018,-32.2537,1.911,1.0769
VibrateStamens,HQ,-1.636363636,0.363636364,-0.636363636,Summer,2018,-5.3077,0.989,5.3077
VibrateStamens,Grace,-0.636363636,-0.636363636,3.363636364,Summer,2018,-15.4574,2.909,1.2308
VibrateStamens,Swamp,-1.636363636,1.363636364,0.363636364,Summer,2018,9.7535,0.367,2.3846
VibrateStamens,Iriquois,1.363636364,-0.636363636,-0.636363636,Summer,2018,32.1593,4.213,3.0769
QueenAnnesLace,Cherokee,-1.142857143,0.857142857,-0.428571429,Summer,2018,42.9103,1.24,7.1538
QueenAnnesLace,Seneca,-0.142857143,-0.142857143,1.571428571,Summer,2018,51.3084,1.008,5.7692
QueenAnnesLace,Beckley,-2.142857143,2.857142857,1.571428571,Summer,2018,6.5868,6.335,2.7692
QueenAnnesLace,SkyDome,0.857142857,-1.142857143,-0.428571429,Summer,2018,-15.4951,4.831,5.7692
QueenAnnesLace,ResBldg,1.857142857,-2.142857143,-1.428571429,Summer,2018,-15.544,5.047,6.0769
QueenAnnesLace,Foxrun,0.857142857,-1.142857143,-1.428571429,Summer,2018,-21.0974,0.71,7
QueenAnnesLace,Grace,-0.142857143,0.857142857,0.571428571,Summer,2018,-15.4574,2.909,1.2308
Dogbane,Allee,2.2,-3.2,-3.6,Summer,2018,-15.1492,6.578,8.4615
Dogbane,SkyDome,-1.8,3.8,3.4,Summer,2018,-15.4951,4.831,5.7692
Dogbane,LowlandPlain,-1.8,0.8,0.4,Summer,2018,-1.335,16.974,9.4615
Dogbane,Foxrun,-0.8,0.8,2.4,Summer,2018,-21.0974,0.71,7
Dogbane,Iriquois,2.2,-2.2,-2.6,Summer,2018,32.1593,4.213,3.0769
Selfheal,Cherokee,1.285714286,-2.428571429,-2,Summer,2018,42.9103,1.24,7.1538
Selfheal,Allee,-0.714285714,-0.428571429,0,Summer,2018,-15.1492,6.578,8.4615
Selfheal,SkyDome,4.285714286,-2.428571429,-1,Summer,2018,-15.4951,4.831,5.7692
Selfheal,BernFront,-1.714285714,0.571428571,0,Summer,2018,-18.821,4.076,1.2308
Selfheal,ResBldg,-1.714285714,3.571428571,3,Summer,2018,-15.544,5.047,6.0769
Selfheal,Foxrun,0.285714286,-0.428571429,-1,Summer,2018,-21.0974,0.71,7
Selfheal,Grace,-1.714285714,1.571428571,1,Summer,2018,-15.4574,2.909,1.2308
MorningGlory,Allee,0.8,-0.8,-0.4,Summer,2018,-15.1492,6.578,8.4615
MorningGlory,LowlandPlain,-2.2,0.2,0.6,Summer,2018,-1.335,16.974,9.4615
MorningGlory,ResBldg,-0.2,-0.8,-0.4,Summer,2018,-15.544,5.047,6.0769
MorningGlory,Swamp,1.8,-0.8,-1.4,Summer,2018,9.7535,0.367,2.3846
MorningGlory,Thurman,-0.2,2.2,1.6,Summer,2018,15.5034,0.962,2.6923
SlenderBushCover,Cherokee,5.2,-0.4,NA,Summer,2018,42.9103,1.24,7.1538
SlenderBushCover,Seneca,1.2,-0.4,NA,Summer,2018,51.3084,1.008,5.7692
SlenderBushCover,SkyDome,-2.8,0.6,NA,Summer,2018,-15.4951,4.831,5.7692
SlenderBushCover,BernBack,-2.8,0.6,NA,Summer,2018,-26.2156,9.508,2.0769
SlenderBushCover,Foxrun,-0.8,-0.4,NA,Summer,2018,-21.0974,0.71,7
Anemone,Cherokee,-0.666666667,0.333333333,0.333333333,Summer,2018,42.9103,1.24,7.1538
Anemone,Seneca,1.333333333,-0.666666667,-0.666666667,Summer,2018,51.3084,1.008,5.7692
Anemone,Beckley,-0.666666667,0.333333333,0.333333333,Summer,2018,6.5868,6.335,2.7692
YellowSundrop,Cherokee,0.666666667,-0.333333333,-0.333333333,Summer,2018,42.9103,1.24,7.1538
YellowSundrop,Seneca,0.666666667,-0.333333333,-0.333333333,Summer,2018,51.3084,1.008,5.7692
YellowSundrop,Foxrun,-1.333333333,0.666666667,0.666666667,Summer,2018,-21.0974,0.71,7
Goldenrod,Cherokee,-1.454545455,0.818181818,0.181818182,Fall,2018,42.9103,1.24,7.1538
Goldenrod,Seneca,-0.454545455,0.818181818,0.181818182,Fall,2018,51.3084,1.008,5.7692
Goldenrod,Beckley,-0.454545455,0.818181818,1.181818182,Fall,2018,6.5868,6.335,2.7692
Goldenrod,Allee,0.545454545,-0.181818182,0.181818182,Fall,2018,-15.1492,6.578,8.4615
Goldenrod,SkyDome,2.545454545,-2.181818182,0.181818182,Fall,2018,-15.4951,4.831,5.7692
Goldenrod,LowlandPlain,-0.454545455,-0.181818182,-1.818181818,Fall,2018,-1.335,16.974,9.4615
Goldenrod,ResBldg,-0.454545455,0.818181818,0.181818182,Fall,2018,-15.544,5.047,6.0769
Goldenrod,Foxrun,-1.454545455,0.818181818,0.181818182,Fall,2018,-21.0974,0.71,7
Goldenrod,Swamp,0.545454545,-0.181818182,-0.818181818,Fall,2018,9.7535,0.367,2.3846
Goldenrod,Thurman,0.545454545,-1.181818182,0.181818182,Fall,2018,15.5034,0.962,2.6923
Goldenrod,Iriquois,0.545454545,-0.181818182,0.181818182,Fall,2018,32.1593,4.213,3.0769
Ticktrefoil,Cherokee,0.076923077,0.307692308,-0.538461538,Fall,2018,42.9103,1.24,7.1538
Ticktrefoil,Seneca,-0.923076923,-1.692307692,-1.538461538,Fall,2018,51.3084,1.008,5.7692
Ticktrefoil,Beckley,-0.923076923,0.307692308,0.461538462,Fall,2018,6.5868,6.335,2.7692
Ticktrefoil,Allee,1.076923077,-0.692307692,0.461538462,Fall,2018,-15.1492,6.578,8.4615
Ticktrefoil,SkyDome,2.076923077,-1.692307692,-0.538461538,Fall,2018,-15.4951,4.831,5.7692
Ticktrefoil,ResBldg,1.076923077,-0.692307692,-0.538461538,Fall,2018,-15.544,5.047,6.0769
Ticktrefoil,BernLake,-1.923076923,2.307692308,1.461538462,Fall,2018,-22.1162,2.698,3.3077
Ticktrefoil,HQ,-0.923076923,1.307692308,1.461538462,Fall,2018,-5.3077,0.989,5.3077
Ticktrefoil,Foxrun,0.076923077,0.307692308,0.461538462,Fall,2018,-21.0974,0.71,7
Ticktrefoil,Hingckly,0.076923077,0.307692308,0.461538462,Fall,2018,-30.6941,5.612,1.4615
Ticktrefoil,Swamp,0.076923077,0.307692308,-0.538461538,Fall,2018,9.7535,0.367,2.3846
Ticktrefoil,Thurman,1.076923077,-0.692307692,-0.538461538,Fall,2018,15.5034,0.962,2.6923
Ticktrefoil,Iriquois,-0.923076923,0.307692308,-0.538461538,Fall,2018,32.1593,4.213,3.0769
Ironweed,Beckley,-0.875,0.75,NA,Fall,2018,6.5868,6.335,2.7692
Ironweed,Allee,1.125,-1.25,NA,Fall,2018,-15.1492,6.578,8.4615
Ironweed,SkyDome,0.125,-0.25,NA,Fall,2018,-15.4951,4.831,5.7692
Ironweed,ResBldg,0.125,-0.25,NA,Fall,2018,-15.544,5.047,6.0769
Ironweed,HQ,-0.875,0.75,NA,Fall,2018,-5.3077,0.989,5.3077
Ironweed,Hingckly,-0.875,0.75,NA,Fall,2018,-30.6941,5.612,1.4615
Ironweed,Swamp,1.125,-0.25,NA,Fall,2018,9.7535,0.367,2.3846
Ironweed,Thurman,0.125,-0.25,NA,Fall,2018,15.5034,0.962,2.6923
Pinkmilkweed,LowlandPlain,-0.333333333,NA,-1,Fall,2018,-1.335,16.974,9.4615
Pinkmilkweed,Hingckly,0.666666667,NA,1,Fall,2018,-30.6941,5.612,1.4615
Pinkmilkweed,Iriquois,-0.333333333,NA,0,Fall,2018,32.1593,4.213,3.0769
PurpleChickweed,Cherokee,1.25,-0.25,0.25,Fall,2018,42.9103,1.24,7.1538
PurpleChickweed,Seneca,-0.75,0.75,0.25,Fall,2018,51.3084,1.008,5.7692
PurpleChickweed,Allee,-1.75,-0.25,-0.75,Fall,2018,-15.1492,6.578,8.4615
PurpleChickweed,HQ,1.25,-0.25,0.25,Fall,2018,-5.3077,0.989,5.3077
StJWort,Allee,-1.333333333,0.666666667,0,Fall,2018,-15.1492,6.578,8.4615
StJWort,SkyDome,-1.333333333,-0.333333333,-1,Fall,2018,-15.4951,4.831,5.7692
StJWort,Iriquois,2.666666667,-0.333333333,1,Fall,2018,32.1593,4.213,3.0769
Snakeweed,LowlandPlain,1.166666667,-0.666666667,-0.5,Fall,2018,-1.335,16.974,9.4615
Snakeweed,BernLake,-0.833333333,1.333333333,1.5,Fall,2018,-22.1162,2.698,3.3077
Snakeweed,HQ,1.166666667,-0.666666667,-0.5,Fall,2018,-5.3077,0.989,5.3077
Snakeweed,Grace,-1.833333333,0.333333333,-0.5,Fall,2018,-15.4574,2.909,1.2308
Snakeweed,Swamp,1.166666667,-0.666666667,-0.5,Fall,2018,9.7535,0.367,2.3846
Snakeweed,Thurman,-0.833333333,0.333333333,0.5,Fall,2018,15.5034,0.962,2.6923
Bidens,Cherokee,0.2,-0.4,-0.6,Fall,2018,42.9103,1.24,7.1538
Bidens,Seneca,-0.8,-0.4,-0.6,Fall,2018,51.3084,1.008,5.7692
Bidens,Allee,1.2,-0.4,0.4,Fall,2018,-15.1492,6.578,8.4615
Bidens,ResBldg,0.2,1.6,1.4,Fall,2018,-15.544,5.047,6.0769
Bidens,Foxrun,-0.8,-0.4,-0.6,Fall,2018,-21.0974,0.71,7
Mistflower,Beckley,1.5,-0.75,-0.375,Fall,2018,6.5868,6.335,2.7692
Mistflower,Allee,-1.5,-0.75,-1.375,Fall,2018,-15.1492,6.578,8.4615
Mistflower,SkyDome,-0.5,0.25,-0.375,Fall,2018,-15.4951,4.831,5.7692
Mistflower,LowlandPlain,-0.5,1.25,1.625,Fall,2018,-1.335,16.974,9.4615
Mistflower,ResBldg,-0.5,2.25,2.625,Fall,2018,-15.544,5.047,6.0769
Mistflower,HQ,-0.5,-0.75,-1.375,Fall,2018,-5.3077,0.989,5.3077
Mistflower,Hingckly,0.5,-0.75,-0.375,Fall,2018,-30.6941,5.612,1.4615
Mistflower,Iriquois,1.5,-0.75,-0.375,Fall,2018,32.1593,4.213,3.0769
ParPea,SkyDome,-1.666666667,NA,-0.666666667,Fall,2018,-15.4951,4.831,5.7692
ParPea,BernBack,-0.666666667,NA,2.333333333,Fall,2018,-26.2156,9.508,2.0769
ParPea,Foxrun,2.333333333,NA,-1.666666667,Fall,2018,-21.0974,0.71,7
Whitesnakeroot,Cherokee,0.375,0.75,0.625,Fall,2018,42.9103,1.24,7.1538
Whitesnakeroot,Seneca,1.375,0.75,0.625,Fall,2018,51.3084,1.008,5.7692
Whitesnakeroot,Allee,-0.625,-0.25,-0.375,Fall,2018,-15.1492,6.578,8.4615
Whitesnakeroot,SkyDome,-0.625,-0.25,-0.375,Fall,2018,-15.4951,4.831,5.7692
Whitesnakeroot,LowlandPlain,-0.625,-0.25,-0.375,Fall,2018,-1.335,16.974,9.4615
Whitesnakeroot,HQ,1.375,0.75,1.625,Fall,2018,-5.3077,0.989,5.3077
Whitesnakeroot,Foxrun,-0.625,-1.25,-1.375,Fall,2018,-21.0974,0.71,7
Whitesnakeroot,Iriquois,-0.625,-0.25,-0.375,Fall,2018,32.1593,4.213,3.0769
HeathAster,Cherokee,0,0.214285714,0.071428571,Fall,2018,42.9103,1.24,7.1538
HeathAster,Seneca,0,0.214285714,0.071428571,Fall,2018,51.3084,1.008,5.7692
HeathAster,Beckley,0,0.214285714,0.071428571,Fall,2018,6.5868,6.335,2.7692
HeathAster,Allee,1,-0.785714286,0.071428571,Fall,2018,-15.1492,6.578,8.4615
HeathAster,SkyDome,1,-0.785714286,0.071428571,Fall,2018,-15.4951,4.831,5.7692
HeathAster,LowlandPlain,0,0.214285714,0.071428571,Fall,2018,-1.335,16.974,9.4615
HeathAster,BernFront,-2,1.214285714,0.071428571,Fall,2018,-18.821,4.076,1.2308
HeathAster,ResBldg,1,-0.785714286,-0.928571429,Fall,2018,-15.544,5.047,6.0769
HeathAster,BernBack,0,0.214285714,0.071428571,Fall,2018,-26.2156,9.508,2.0769
HeathAster,Foxrun,1,-0.785714286,0.071428571,Fall,2018,-21.0974,0.71,7
HeathAster,Hingckly,0,0.214285714,0.071428571,Fall,2018,-30.6941,5.612,1.4615
HeathAster,Swamp,0,0.214285714,0.071428571,Fall,2018,9.7535,0.367,2.3846
HeathAster,Thurman,-1,0.214285714,0.071428571,Fall,2018,15.5034,0.962,2.6923
HeathAster,Iriquois,-1,0.214285714,0.071428571,Fall,2018,32.1593,4.213,3.0769
FallAster,Cherokee,0,-0.6,-0.6,Fall,2018,42.9103,1.24,7.1538
FallAster,Beckley,0,1.4,1.4,Fall,2018,6.5868,6.335,2.7692
FallAster,LowlandPlain,0,-0.6,-0.6,Fall,2018,-1.335,16.974,9.4615
FallAster,Foxrun,0,0.4,0.4,Fall,2018,-21.0974,0.71,7
FallAster,Thurman,0,-0.6,-0.6,Fall,2018,15.5034,0.962,2.6923
SkinnyGoldenrod,Cherokee,-0.272727273,NA,-0.363636364,Fall,2018,42.9103,1.24,7.1538
SkinnyGoldenrod,Seneca,-0.272727273,NA,-0.363636364,Fall,2018,51.3084,1.008,5.7692
SkinnyGoldenrod,Beckley,0.727272727,NA,-0.363636364,Fall,2018,6.5868,6.335,2.7692
SkinnyGoldenrod,Allee,-0.272727273,NA,0.636363636,Fall,2018,-15.1492,6.578,8.4615
SkinnyGoldenrod,SkyDome,0.727272727,NA,0.636363636,Fall,2018,-15.4951,4.831,5.7692
SkinnyGoldenrod,LowlandPlain,0.727272727,NA,0.636363636,Fall,2018,-1.335,16.974,9.4615
SkinnyGoldenrod,ResBldg,-0.272727273,NA,-0.363636364,Fall,2018,-15.544,5.047,6.0769
SkinnyGoldenrod,Foxrun,-0.272727273,NA,-0.363636364,Fall,2018,-21.0974,0.71,7
SkinnyGoldenrod,Swamp,-0.272727273,NA,-0.363636364,Fall,2018,9.7535,0.367,2.3846
SkinnyGoldenrod,Thurman,-0.272727273,NA,-0.363636364,Fall,2018,15.5034,0.962,2.6923
SkinnyGoldenrod,Iriquois,-0.272727273,NA,0.636363636,Fall,2018,32.1593,4.213,3.0769
